"conversation_id_str","created_at","favorite_count","full_text","id_str","image_url","in_reply_to_screen_name","lang","location","quote_count","reply_count","retweet_count","tweet_url","user_id_str","username"
"1786293367544156657","Fri May 03 07:15:01 +0000 2024","0","Sejak pertama kali menjadi pelatih timnas Shin Tae Yong mulai fokus merombak total pola latihan timnas warisan pelatih sebelumnya. Ia menyadari betul bahwa permainan akan menjadi stabil bila kondisi fisik &amp; psikis matang. Ulasan A. Hirzan Anwari: https://t.co/Sdvz1BPqS4","1786293367544156657","","","in","","0","0","0","https://twitter.com/omongomongcom/status/1786293367544156657","1426085827906478081","omongomongcom"
"1786292785051800012","Fri May 03 07:12:42 +0000 2024","0","Masih Ada Kesempatan Terakhir Shin Tae-yong Optimis Bawa Garuda Muda Lolos Olimpiade Paris #TimnasDay #olimpiadeparis #ShinTaeYong https://t.co/0mTJtH46Ry","1786292785051800012","","","in","Kota Depok, Jawa Barat","0","0","0","https://twitter.com/portalinfomase/status/1786292785051800012","1531670208217116673","portalinfomase"
"1786291327094976821","Fri May 03 07:06:54 +0000 2024","0","Ô∏è FYI Menurut Coach Shin Tae Yong terbatasnya kualitas pemain bikin dia selalu turunkan pemain-pemain yang sama. Ini yang sebabkan skuad Garuda Muda malam tadi kelelahan dan kurang optimal. Menurut kalian gimana? #TimnasDay https://t.co/bmRmsJcd70","1786291327094976821","https://pbs.twimg.com/media/GMoufrpbcAAWvNV.jpg","","in","Malang, Jawa Timur","0","0","0","https://twitter.com/andriandinoraa/status/1786291327094976821","1219375372082397184","andriandinoraa"
"1786253674957922810","Fri May 03 07:00:40 +0000 2024","0","@utdabout @marcengggg HAHAHAHA PEMAIN LUCU","1786289759385743751","","utdabout","in","https://mycollection.shop/txtd","0","0","0","https://twitter.com/shintaeyong7777/status/1786289759385743751","1095029456350007296","shintaeyong7777"
"1786287071952507151","Fri May 03 06:50:00 +0000 2024","0","Timnas Indonesia U-23 berpeluang diperkuat amunisi baru untuk melawan Guinea U-23 dalam upaya memperebutkan tiket Olimpiade Paris 2024. #ShinTaeyong #ElkanBaggott #MedcomId https://t.co/IXsvSSXRNI","1786287071952507151","","","in","Jakarta Capital Region, Indone","0","0","0","https://twitter.com/medcom_id/status/1786287071952507151","902837643024539651","medcom_id"
"1786284823289426124","Fri May 03 06:41:04 +0000 2024","0","Kalah dari Irak di Perebutan Tempat Ketiga Piala Asia U-23 Shin Tae Yong Keluhkan Masalah Kedalaman Skuad https://t.co/TIDLWzy39X","1786284823289426124","","","in","Jakarta, Indonesia","0","0","0","https://twitter.com/fajaronline/status/1786284823289426124","89877164","fajaronline"
"1786283073644179557","Fri May 03 06:34:06 +0000 2024","0","#News #indonesialawanirak #shintaeyong #indonesiairakshintaeyong Indonesia Kalah Lawan Irak Netizen Desak Shin Tae-yong Coret Marselino Ferdinan: Netizen ramai mendesak pelatih Shin Tae-yong untuk mencoret nama Marselino Ferdinan usai Timnas Indonesia https://t.co/j6SX8f8b7O","1786283073644179557","","","in","Makassar, Indonesia","0","0","0","https://twitter.com/terkinidotid/status/1786283073644179557","123757780","terkinidotid"
"1786278260948812043","Fri May 03 06:33:17 +0000 2024","0","@TekelBebas @jerryarvino shin tae yong bukanlah ahli taktik yang cerdik bahkan untuk level asia","1786282867661869220","","TekelBebas","in","","0","0","0","https://twitter.com/doloppp123/status/1786282867661869220","1397470402675314689","doloppp123"
"1786282212364804558","Fri May 03 06:30:41 +0000 2024","1","Wes gak usah hujat hujat an pemain kadang yo pemain ono dino apes e ono apik e wes tinggal dukung ae kei masukan positif karo percoyo wae mating shin tae yong kesel oleh tp ngehujat ojo.","1786282212364804558","","","in","semarang, indonesia","0","0","0","https://twitter.com/dhaniadhikara/status/1786282212364804558","1090566749605351424","dhaniadhikara"
"1786267242759696827","Fri May 03 06:27:40 +0000 2024","0","@ainurohman Utk mengalahkan korea belajar sama Shin Tae Yong","1786281451794940092","","ainurohman","in","","0","0","0","https://twitter.com/lachigau/status/1786281451794940092","241913039","lachigau"
"1786278784649531626","Fri May 03 06:17:04 +0000 2024","0","Shin Tae yong; Pemain Kelelahan Selalu Memainkan 11 Pemain yang Sama Tak Percaya Pemain Lokal? #TimnasDay #sty #indonesia #tren #onweer https://t.co/g1FBWVHdQ9","1786278784649531626","","","in","Ngawi, Indonesia","0","0","0","https://twitter.com/JurnalNgawi/status/1786278784649531626","1464132600604381185","JurnalNgawi"
"1786276658770841630","Fri May 03 06:08:37 +0000 2024","14","Pelatih Timnas U-23 Shin Tae Yong menegaskan peluang tampil ke Olimpiade Paris 2024 masih terbuka walau Garuda Muda kalah dari Irak. Yang dibutuhkan STY kepada skuatnya saat ini adalah pemulihan fisik dan mental pemain. #BolalobFootball https://t.co/hXLd8953A0","1786276658770841630","https://pbs.twimg.com/media/GMohJ4zbkAAhTcL.jpg","","in","Lapangan Futsal, Indonesia","0","0","0","https://twitter.com/Bolalob/status/1786276658770841630","141161798","Bolalob"
"1786274492098265556","Fri May 03 06:00:00 +0000 2024","0","Shin Tae Yong sukses mengantarkan Garuda Muda ke semifinal Piala Asia U-23 meskipun harus kalah dari Uzbekistan. Sosok istrinya pun ikut jadi sorotan. https://t.co/ri7n4BEwLU","1786274492098265556","","","in","Indonesia","0","0","0","https://twitter.com/haibundacom/status/1786274492098265556","864334585860980737","haibundacom"
"1786273467069080054","Fri May 03 05:55:56 +0000 2024","0","Pasca kekalahan dari Irak dalam perebutan tempat ketiga Piala Asia U-23 Timnas Indonesia harus menghadapi Guinea untuk merebut satu tiket Olimpiade Paris 2024. #timnas #timnasindonesia #guinea #olimpiadeparis2024 #shintaeyong #timnasday #marselinoferdinan #monitorday https://t.co/EVkGPSHH3e","1786273467069080054","https://pbs.twimg.com/ext_tw_video_thumb/1786273246452813824/pu/img/DsSZsweLVTsFdiHf.jpg","","in","Indonesia","0","0","0","https://twitter.com/monitordaycom/status/1786273467069080054","70600007","monitordaycom"
"1786264502960591039","Fri May 03 05:38:18 +0000 2024","0","@BadmintonTalk pelatih nya shin tae yong kah?","1786269027737928083","","BadmintonTalk","in","","0","0","0","https://twitter.com/clownyborg/status/1786269027737928083","1211577788370538496","clownyborg"
"1786196303946579983","Fri May 03 05:38:06 +0000 2024","0","@idextratime @bliblidotcom Belum layak olimpiade kalau tim kayak gini","1786268977439891663","","idextratime","in","https://mycollection.shop/txtd","0","0","0","https://twitter.com/shintaeyong7777/status/1786268977439891663","1095029456350007296","shintaeyong7777"
"1786131584078229780","Fri May 03 05:37:14 +0000 2024","1","@arcanecloudy shin tae yong bingung juga subsnya kualitas pemaen lokal keliatan kurang penempatan posisi tanpa bola control clearence n passing. harusnya nambah 3 naturalisasi sih biar skema serangnya tu dapet.","1786268760330187089","","arcanecloudy","in","sen sekai      ","0","0","0","https://twitter.com/downyskze/status/1786268760330187089","1475275830922121218","downyskze"
"1786222237856747684","Fri May 03 05:26:48 +0000 2024","0","@SiaranBolaLive Apapun itu terima kasih Timnas U23 kalian sudah berjuang keras demi üáÆüá©. Jika kritik kami agak keras itu krn kami sayang dan bangga dg kalian. Terima kasih Coach Shin Tae Yong anda sdh menjadikan Timnas lebih baik dr sebelumnya. #ProudU","1786266136864313671","","SiaranBolaLive","in","DKI Jakarta","0","0","0","https://twitter.com/AliatppP/status/1786266136864313671","1604815109951352833","AliatppP"
"1786263296024457234","Fri May 03 05:17:14 +0000 2024","0","@BadmintonTalk SAATNYA PANGGIL COACH SHIN TAE YONG #EH ","1786263726552908036","","BadmintonTalk","in","Indonesia","0","0","0","https://twitter.com/myoongiie_/status/1786263726552908036","529383185","myoongiie_"
"1786220600916312228","Fri May 03 02:25:52 +0000 2024","0","Indonesia 2:1 dari Irak Hasil yang buat kita sedih. 4 besar di turnamen yang baru pertama kali ikut udah hal yang bagus. #shintaeyong #erickthohir #pssi #timnas #timnasindonesia #arhanpratama #TimnasIndonesiaU23 #arhan #wasit #offsite #sananta #indonesia #kecapean https://t.co/zVQEUKvaxR","1786220600916312228","https://pbs.twimg.com/media/GMnuF4MakAAIu_-.jpg","","in","jakarta","0","0","0","https://twitter.com/SahabatFH_/status/1786220600916312228","1592379878845730818","SahabatFH_"
"1786220308128792902","Fri May 03 02:24:42 +0000 2024","11","Menurut Coach Shin Tae Yong terbatasnya kualitas pemain bikin dia selalu turunkan pemain-pemain yang sama. Ini yang sebabkan skuad Garuda Muda malam tadi kelelahan dan kurang optimal. Menurut klean gimana gaes? #SUPERLIVE #SUPERSOCCER #INIRASANYASUPER #TIMNASINDONESIA https://t.co/VGsLPY5g9a","1786220308128792902","https://pbs.twimg.com/media/GMnt5T6bIAAgKYs.jpg","","in","Jakarta Capital Region","1","1","3","https://twitter.com/my_supersoccer/status/1786220308128792902","27846404","my_supersoccer"
"1786218773609066711","Fri May 03 02:18:36 +0000 2024","0","Timnas U-23 akan Kejar Tiket Terakhir untuk Tampil di Olimpiade 2024. Asa untuk berlaga di Olimpiade 2024 di Paris Prancis masih belum redup. Sebab tim nasional (Timnas) U-23 https://t.co/2Rkdk7lpK0 #Olahraga #PialaAsiaU232024 #pssi #ShinTaeyong via @beritajatimcom","1786218773609066711","","","in","Surabaya","0","0","0","https://twitter.com/beritajatimcom/status/1786218773609066711","21287066","beritajatimcom"
"1786150443275730978","Fri May 03 02:12:45 +0000 2024","0","@SiaranBolaLive Selama 30 tahun terakhir mungkin ini pencapaian terbaik Timnas walaupun dikelompok usia 23 progress Timnas era sekarang sudah jauh melangkah diluar dugaan bisa secepat ini salut untuk Shin Tae Yong dan staff kedepannya aku yakin dikelompok usia senior akan lebih baik lagi.","1786217301366419573","","SiaranBolaLive","in","","0","0","0","https://twitter.com/susilawahyu/status/1786217301366419573","3106062836","susilawahyu"
"1786215368916418727","Fri May 03 02:05:04 +0000 2024","0","Timnas U-23 Indonesia Gagal Lolos Langsung ke Olimpiade 2024. Timnas U-23 Indonesia gagal lolos langsung ke Olimpiade 2024 di Paris setelah kalah di tangan Irak dengan skor 1-2 pada https://t.co/zwkvW0j6WH #Olahraga #PialaAsiaU232024 #pssi #ShinTaeyong via @beritajatimcom","1786215368916418727","","","in","Surabaya","0","0","0","https://twitter.com/beritajatimcom/status/1786215368916418727","21287066","beritajatimcom"
"1786213578313527310","Fri May 03 01:57:57 +0000 2024","0","Game online paling populer di Indonesia saat ini - METEORBET88 - - https://t.co/qwIImkZAbH - #meteorbet88 #bolameteor #viralvideos Timnas Indonesia U23 Towel Shin Tae Yong Marselino Ernando Ari Nathan Tjoe A On Egois Roma Kelly Leverkusen https://t.co/MrJoqHzuTc","1786213578313527310","https://pbs.twimg.com/ext_tw_video_thumb/1786213548252942336/pu/img/sKlB5ASu2a4GT1E0.jpg","","in","","0","0","0","https://twitter.com/meteorbet123/status/1786213578313527310","1765529121613041664","meteorbet123"
"1786211844790899116","Fri May 03 01:51:04 +0000 2024","1","Jalan Terakhir Timnas U-23 untuk Lolos ke Olimpiade 2024. Kekalahan atas Irak pada perebutan tempat ketiga di Piala Asia U-23 2024 membuat Timnas U-23 Indonesia gagal lolos langsung https://t.co/gIYcrrSPD8 #Olahraga #PialaAsiaU232024 #pssi #ShinTaeyong via @beritajatimcom","1786211844790899116","","","in","Surabaya","0","0","0","https://twitter.com/beritajatimcom/status/1786211844790899116","21287066","beritajatimcom"
"1786205778824823207","Fri May 03 01:26:58 +0000 2024","0","Terima kasih Garuda Muda beserta STY dan seluruh staff timnas atas perjuangannya kami tetap bangga! - METEROBET88 - - https://t.co/Yh0WelCuu2 - #meteorbet88 #bolameteor #TimnasDay #AFCU23 Timnas Indonesia U23 Towel Nathan Tjoe A On Ernando Ari Marselino Shin Tae Yong https://t.co/goWT431tQ3","1786205778824823207","https://pbs.twimg.com/media/GMne142bgAA2kYA.jpg","","in","","0","0","0","https://twitter.com/bolameteor/status/1786205778824823207","1684827706310131713","bolameteor"
"1786205536574447846","Fri May 03 01:26:00 +0000 2024","0","Kita semua hrs berubah utk tdk menyalahkan orang lain atas kejadian yg menimpa Kita.Belajar utk intropeksi ke dalam. Í∞êÏÇ¨Ìï©ÎãàÎã§ Oppa Shin Tae Yong &amp; Garuda Muda U-23 sdh menaikkan level permainan Dari kelas Asia Tenggara menjadi kelas Asia Kalah Egois Struick Arhan Nathan https://t.co/7F9wJhYsp2","1786205536574447846","https://pbs.twimg.com/ext_tw_video_thumb/1786205501552033792/pu/img/h5rZLfwChpkrOvJG.jpg","","in","Indonesia","0","0","0","https://twitter.com/NyiMasRuminah/status/1786205536574447846","62468709","NyiMasRuminah"
"1786204715577168233","Fri May 03 01:22:44 +0000 2024","0","nih bung towel alasan Shin tae Yong mau line up full pemain keturunan https://t.co/TNR3Ybv9pQ","1786204715577168233","https://pbs.twimg.com/media/GMnft54bMAA2tWs.jpg","","in","","0","0","0","https://twitter.com/AbduhuKaff85448/status/1786204715577168233","1678217239236079616","AbduhuKaff85448"
"1786204701429743923","Fri May 03 01:22:41 +0000 2024","1","terimakasih banyak pelatih shin tae yong now i know the ending of na hee do dan baek yi jin‚Äç‚Äç","1786204701429743923","","","in","","0","0","0","https://twitter.com/ravingtwaddle/status/1786204701429743923","1514349088715669507","ravingtwaddle"
"1786204554138419652","Fri May 03 01:22:06 +0000 2024","0","Shin Tae-yong Apresiasi Perjuangan Timnas U-23 Indonesia. Shin Tae-yong apresiasi perjuangan Timnas U-23 Indonesia meski gagak lolos langsung ke Olimpiade 2024 di Paris Prancis. -- https://t.co/nBtibADzvB #Olahraga #PialaAsiaU232024 #pssi #ShinTaeyong via @beritajatimcom","1786204554138419652","","","in","Surabaya","0","0","0","https://twitter.com/beritajatimcom/status/1786204554138419652","21287066","beritajatimcom"
"1786204104433500296","Fri May 03 01:20:19 +0000 2024","0","terima kasih garuda muda shin tae yong erick thohir dan adit louis vuitton. ","1786204104433500296","","","in","Jakarta Utara, DKI Jakarta","0","0","0","https://twitter.com/fajrimfa/status/1786204104433500296","356658538","fajrimfa"
"1786203567071916350","Fri May 03 01:18:11 +0000 2024","0","Timnas U23 Indonesia Kalah Ahmed Zaki Iskandar Dorong PSSI Perpanjang Kontrak Shin Tae-yong https://t.co/E5BPUGzIPD lewat @tribunnews #TimnasU23 #shintaeyong","1786203567071916350","","","in","","0","0","0","https://twitter.com/WartaKota5/status/1786203567071916350","1544145887290568705","WartaKota5"
"1786202050617106558","Fri May 03 01:12:52 +0000 2024","0","Terima kasih Garuda Muda terima kasih Coach Shin Tae Yong dan Ketum PSSI Pak Erick Thohir beserta jajaran yang juga telah bekerja keras mewujudkan ini semua. #GarudaMuda #KitaGaruda #TimnasU23 #TimnasDay #OlimpiadeParis2024 #CdM #CdMOlimpiadeParis2024","1786202231542579675","","anindyabakrie","in","Jakarta","0","1","0","https://twitter.com/anindyabakrie/status/1786202231542579675","45871100","anindyabakrie"
"1786194500660179096","Fri May 03 01:01:10 +0000 2024","3","@idextratime all role beliau itu kalo shin tae yong out dia jg bsa gantiin","1786199285547307008","","idextratime","in","Kota Palu, Sulawesi Tengah","0","0","0","https://twitter.com/Sahrulstaare/status/1786199285547307008","1110102088460066816","Sahrulstaare"
"1786195827649896699","Fri May 03 00:47:25 +0000 2024","9","Ya kalau Indonesia U23 mainnya sama seperti semalam Guinea U23 akan mulus ke Olimpiade Paris. Belum lagi beberapa pemain kemungkinan nggak bisa dimainkan saat lawan Guinea U23 kan? PR tambahan buat Shin Tae Yong untuk menyusun starting XI terbaiknya dg skuad yg ada.","1786195827649896699","","","in","Jakarta Capital Region","0","1","0","https://twitter.com/FahmiAgustian/status/1786195827649896699","31058944","FahmiAgustian"
"1786191441712341154","Fri May 03 00:30:00 +0000 2024","1","Ridwan Kamil Usulkan Shin Tae Yong Diberi Penghargaan Jangka Panjang #airlanggahartarto #kuningkeren #PrabowoGibran #partaigolkar #golkarpedia https://t.co/nFNISMEFFy","1786191441712341154","","","in","Jakarta Capital Region","0","0","3","https://twitter.com/golkarpedia/status/1786191441712341154","721898354502930433","golkarpedia"
"1786186542798745918","Fri May 03 00:10:32 +0000 2024","3","Indonesia kalah dari Irak skor 2-1. Permainan kurang memuaskan sepertinya memamg faktor fisik masih jadi PR besar Shin Tae Yong. Sisa 1 kesempatan untuk bisa lolos Olimpiade. Playoff vs Guinea tanggal 9 Mei 2024.","1786186542798745918","","","in","Jakarta Capital Region","0","0","0","https://twitter.com/FahmiAgustian/status/1786186542798745918","31058944","FahmiAgustian"
"1786177427829616989","Thu May 02 23:34:19 +0000 2024","2","Pelatih tim nasional Indonesia U-23 Shin Tae Yong menilai perbedaan kedalaman skuad dalam tim menjadi faktor kunci kemenangan Irak. https://t.co/r5BUAhsq86","1786177427829616989","https://pbs.twimg.com/media/GMnG5mpbcAAGNUZ.jpg","","in","","0","0","0","https://twitter.com/lagilagibola/status/1786177427829616989","1464820564657328128","lagilagibola"
"1786169835745157218","Thu May 02 23:04:08 +0000 2024","0","Semngat Garuda mudaku .... @IndonesiaGaruda @shintaeyong @TimnasIndonesia https://t.co/UReIV2Q8HY","1786169835745157218","https://pbs.twimg.com/media/GMm__8obAAAsMp_.jpg","","in","","0","0","0","https://twitter.com/Vhina_RM/status/1786169835745157218","1609092631421943810","Vhina_RM"
"1786140188835791008","Thu May 02 21:06:20 +0000 2024","0","ini kalo sampe si anduk komentar macem macem lagi tentang shin tae yong dan anak anak diaspora gue hajar liatin aja.","1786140188835791008","","","in","i have my own universe","0","0","0","https://twitter.com/moodysmark/status/1786140188835791008","1341700295206694913","moodysmark"
"1786133350849155550","Thu May 02 20:39:10 +0000 2024","0","Terima kasih garuda muda kalian mainnya hebat tadi walau kalah angka gua bangga dengan perjuangan kalian. Terima kasih coach shin tae yong udah bawa timnas garuda muda terbang sejauh ini. Ayo semangat garuda.. masih ada harapan menuju olimpiade nanti lawan guinea üáÆüá©","1786133350849155550","","","in","indonesia ","0","0","0","https://twitter.com/engkossolihin/status/1786133350849155550","468871683","engkossolihin"
"1786131063879680423","Thu May 02 20:30:04 +0000 2024","0","Ini Hal Terpenting Menurut Shin Tae Yong yang Akan Jadi Penentu Hasil Laga Indonesia-Irak https://t.co/ObMhKtnK62","1786131063879680423","","","in","Jakarta, Indonesia","0","0","0","https://twitter.com/DreamersRadioID/status/1786131063879680423","337529500","DreamersRadioID"
"1786124550360686749","Thu May 02 20:04:12 +0000 2024","0","Percaya shintaeyong timnas lolos grub A","1786124550360686749","","","in","Purwokerto Barat, Indonesia","0","0","0","https://twitter.com/AjiAK30217107/status/1786124550360686749","1169902494492704769","AjiAK30217107"
"1786114697051484614","Thu May 02 19:40:15 +0000 2024","0","Terimakasih juga kita sampaikan sebesar-besarnya kepada Coach Shin Tae Yong. Berkat beliau kita bisa melihat permainan timnas berada di level tertinggi dan membentuk timnas yg memiliki chemistry baik di dalam dan di luar lapangan. https://t.co/unmqjUB8ZJ","1786118525477872117","https://pbs.twimg.com/media/GMmRU9waYAEfUVS.jpg","tomorrowbenice","in","","0","1","0","https://twitter.com/tomorrowbenice/status/1786118525477872117","1506177028009390080","tomorrowbenice"
"1786117306437042659","Thu May 02 19:38:35 +0000 2024","0","INI KALO SHIN TAE YONG KARTU MERAH LAGI YANG JADI COACH NATHAN ADA YG SAKIT P3KNYA TETEP NATHAN ITU TRIBUN KALO GAADA PENONTON DIA NGERANGKAP PEMAIN + PENONTON","1786118106685005930","","najmchingu","in","","0","0","0","https://twitter.com/najmchingu/status/1786118106685005930","1204763424678219776","najmchingu"
"1786097558445838447","Thu May 02 19:36:59 +0000 2024","0","@convomf YEPP!! walau kecewa bangga bgt sama timnas Indonesia dan shin tae yong udah berhasil melewati target pak erick tohir 8 besar dan STY menepati janjinya 4 besar","1786117704568762702","","convomf","in","Indonesia","0","0","0","https://twitter.com/gemsmags/status/1786117704568762702","1065361043063373824","gemsmags"
"1786097209215443229","Thu May 02 19:36:46 +0000 2024","0","@utdabout YEPP!! walau kecewa bangga bgt sama timnas Indonesia dan shin tae yong udah berhasil melewati target pak erick tohir 8 besar dan STY menepati janjinya 4 besar","1786117649602392374","","utdabout","in","Indonesia","0","0","0","https://twitter.com/gemsmags/status/1786117649602392374","1065361043063373824","gemsmags"
"1786117606065438771","Thu May 02 19:36:36 +0000 2024","0","YEPP!! walau kecewa bangga bgt sama timnas Indonesia dan shin tae yong udah berhasil melewati target pak erick tohir 8 besar dan STY menepati janjinya 4 besar","1786117606065438771","","","in","Indonesia","0","0","0","https://twitter.com/gemsmags/status/1786117606065438771","1065361043063373824","gemsmags"
"1786114697051484614","Thu May 02 19:25:02 +0000 2024","9","Appreciation tweet for Indonesian Tim. Terimakasih Timnas U-23 coach Shin Tae Yong dan staff yg bertugas selama Piala AFC U-23 ini. Heads up guys we have came so far selama turnamen ini. Yang awalnya hanya berharap 8 besar tapi kita bisa sampe semifinal #TimnasU23 #TimnasDay https://t.co/Jx6RFHrNW5","1786114697051484614","https://pbs.twimg.com/media/GMmN2MYaYAAQ7R9.jpg","","in","","0","1","4","https://twitter.com/tomorrowbenice/status/1786114697051484614","1506177028009390080","tomorrowbenice"
"1786109908645208199","Thu May 02 19:16:09 +0000 2024","0","@JeromePolin Tgal 9 mei lu afk ya jer. Lu aneh dukung irak tapi ketikan nya masih indo.","1786112458786234586","","JeromePolin","in","https://mycollection.shop/txtd","0","0","0","https://twitter.com/shintaeyong7777/status/1786112458786234586","1095029456350007296","shintaeyong7777"
"1786108648143610006","Thu May 02 19:01:00 +0000 2024","1","Jujur gua ga pernah nyangka Indo bisa masuk semifinal piala asia. ga pernah kebayang. Jd even kalah malam ini gpp asli gpp bgt gua liat indo bs ngasih perlawanan ke Iraq aja udah seneng bgt ternyata negara gua bs main bola sebaik ini. Makasih shin Tae yong &amp; timnas #CeritaTiyan https://t.co/raqlxoZN5N","1786108648143610006","https://pbs.twimg.com/ext_tw_video_thumb/1786108634365321216/pu/img/7DghqAVV6UCW5omr.jpg","","in","lenina","0","1","1","https://twitter.com/DPRTlYAN/status/1786108648143610006","1403235003543085062","DPRTlYAN"
"1786108151848394865","Thu May 02 18:59:02 +0000 2024","0","Semangat timnas. kesempatan terakhir lolos olimpiade #AFCU23AsianCup #shintaeyong #olimpiadeparis https://t.co/R4ILNj4Sk4","1786108151848394865","https://pbs.twimg.com/media/GMmH5KnaYAU6JgO.jpg","","in","Jawa Tengah, Indonesia","0","0","0","https://twitter.com/RAcreativaa/status/1786108151848394865","1402320044592287744","RAcreativaa"
"1786106887257350643","Thu May 02 18:54:00 +0000 2024","1","Marselino Ferarri perlu di ganti atau benahi kerasa banget beban tim anyingg si sanata ketularan si marsel jadi ga tajem #TimnasDay #Ferrari #Marselino #shintaeyong https://t.co/K25JuhmrpK","1786106887257350643","https://pbs.twimg.com/media/GMmGvzqa0AAdVgL.jpg","","in","Indonesia ","0","0","0","https://twitter.com/muhammadanton0/status/1786106887257350643","1535357642628997120","muhammadanton0"
"1786105952711893378","Thu May 02 18:50:18 +0000 2024","0","SHIN TAE YONG INSTRUKSI KEK MANA DAH BUAT LAWAN IRAQ BARUSAN","1786105955144589332","","sssidik","in","Indonesia","0","1","0","https://twitter.com/sssidik/status/1786105955144589332","299468562","sssidik"
"1786105118368358654","Thu May 02 18:46:59 +0000 2024","0","pen punya timnas yg skuadnya dalem kasian shin tae yong mau ganti pemain jg bingung subs sama starternya beda jauh #TimnasDay","1786105118368358654","","","in","Belajar","0","0","0","https://twitter.com/wanthestudent/status/1786105118368358654","1457585865371242500","wanthestudent"
"1786092698832888211","Thu May 02 18:45:13 +0000 2024","14","@gilabola_ina Decision making yang kurang tepat masih sering nembak2 ngawur tapi ya tugasnya Shin Tae Yong aja yang kritik dan marahin soalnya dia lebih paham para pemainnya ketimbang kita penonton layar kaca.","1786104677219864633","","gilabola_ina","in","","0","0","0","https://twitter.com/DzakyAsyandi/status/1786104677219864633","1577576350046883840","DzakyAsyandi"
"1786104178068316200","Thu May 02 18:43:14 +0000 2024","0","Sekarang gw paham kenapa Shin Tae Yong hampir jarang banget ganti pemain.","1786104178068316200","","","in","United States no more","0","0","0","https://twitter.com/IvanSitohang/status/1786104178068316200","103240439","IvanSitohang"
"1786078421866668430","Thu May 02 18:39:34 +0000 2024","0","@idextratime Noh Shin tae yong waktu msh agak muda alias 10 thn yg lalu pas latih futsal wkkwkw https://t.co/Mmc6ImVVNR","1786103251970187619","https://pbs.twimg.com/ext_tw_video_thumb/1571217045286719488/pu/img/LyYyn92ggwKU5pYy.jpg","idextratime","in","Indonesia - Camp Nou","0","0","0","https://twitter.com/Idn_FCB/status/1786103251970187619","2373610040","Idn_FCB"
"1786093215764079023","Thu May 02 18:38:59 +0000 2024","12","@The_RedsIndo @marcengggg Woiii hargai lah yang udah mati matian nyelamatin gawang dari kebobolan lu malah egois capek tau shin Tae Yong ngasih tau luu","1786103108298534966","","The_RedsIndo","in","Garut, Indonesia","0","0","0","https://twitter.com/zaynkasep/status/1786103108298534966","1227247411728277506","zaynkasep"
"1786102711303430168","Thu May 02 18:37:25 +0000 2024","0","Hasil Perebutan Juara 3 Piala Asia U23 Tiket Timnas Indonesia Shin Tae yong ke Olimpiade Prancis 2024 Masih Tertunda #TimnasDay #TimnasU23 #TimnasIndonesia #irakvsindonesia #PialaAsiaU23 #AFCU23AsianCup #AFCU23 https://t.co/doG9aIZeY4","1786102711303430168","","","in","","0","0","0","https://twitter.com/hendras79127758/status/1786102711303430168","1427103474060185602","hendras79127758"
"1786095939234697533","Thu May 02 18:37:23 +0000 2024","0","@andihiyat Fajar dari setiap main dari match 1 piala asia kesalahan trs dia heran kok di panggil trus sama shin tae yong","1786102705825669413","","andihiyat","in","Pekalongan, Indonesia","0","0","0","https://twitter.com/firmanmaula10/status/1786102705825669413","1182336966487969792","firmanmaula10"
"1786102656429351224","Thu May 02 18:37:12 +0000 2024","0","siap siap diunyeng-unyeng kuch shin tae yong nct lu ceng","1786102656429351224","","","in","hiding in my closet","0","0","0","https://twitter.com/_iwitikirp/status/1786102656429351224","1209770867464359936","_iwitikirp"
"1786101966537650408","Thu May 02 18:34:27 +0000 2024","0","7.intinya @TimnasIndonesia #shintaeyong @PSSI @erickthohir hrs segera berbenah serius jika ingin prestasi jgn lambat mengevaluasi sehingga kembali ke masa lalu.","1786101966537650408","","","in","Indonesia","0","0","0","https://twitter.com/BustoniFikri4/status/1786101966537650408","1081271199341076481","BustoniFikri4"
"1786101001105334404","Thu May 02 18:32:43 +0000 2024","0","@cursedkidd km cocok jadi yang jaga shin tae yong","1786101528568422853","","cursedkidd","in","berlabel halal","0","1","0","https://twitter.com/nuggetzicy/status/1786101528568422853","2757620055","nuggetzicy"
"1786101421139714321","Thu May 02 18:32:17 +0000 2024","0","6.hrs ada perubahan skuad dan perubahan formasi jika #shintaeyong tdk mengevaluasi ini akan terjadi juga pada @TimnasIndonesia senior.@erickthohir @PSSI","1786101421139714321","","","in","Indonesia","0","0","0","https://twitter.com/BustoniFikri4/status/1786101421139714321","1081271199341076481","BustoniFikri4"
"1785989770138775962","Thu May 02 18:32:12 +0000 2024","1","@SiaranBolaLive Dikasih Messi garnacho milih nya mbappe Theo hernandez Messi lebih ke alien ketimbang kura2..","1786101400713453739","","SiaranBolaLive","in","England","0","0","0","https://twitter.com/Airoxdinamis/status/1786101400713453739","1455649651437174785","Airoxdinamis"
"1786101300092101047","Thu May 02 18:31:48 +0000 2024","3","Terimakasih TimNas Garuda Muda Coach Shin Tae Yong Pa Erick Pssi Semifinal adalah pencapaian terbaik selama ini!!! Selamat berjuang di PlayOff olimpiade Paris 2024! Ô∏èÔ∏èÔ∏è Sumpah masih g nyangka bisa sampe SF secara berada di grup neraka Mana QF lawan Korea ","1786101300092101047","","","in","","0","0","0","https://twitter.com/NKA_10/status/1786101300092101047","615768994","NKA_10"
"1786098886341513630","Thu May 02 18:22:13 +0000 2024","2","Shin tae yong PR lu banyak banget nih. Jangan takut obrak abrik formasi lah. Ini kita bukan main di asean tapi udah sekelas asia dan afrika. Kalau lu tetep pake pemain yg sama kayak kemarin lawan udah bisa baca serangan kita. Apalagi nanti hubner gak bisa main.","1786098886341513630","","","in","Asgard","0","6","0","https://twitter.com/wisteriayoung/status/1786098886341513630","3432569052","wisteriayoung"
"1786092774816899087","Thu May 02 18:20:59 +0000 2024","0","@idextratime kekalahan ini murni kesalahan shin tae yong marselino ga perform di pertahanin sampai mati kocak.","1786098578538258550","","idextratime","in","","0","0","0","https://twitter.com/manusiasibuk416/status/1786098578538258550","1625337165755584515","manusiasibuk416"
"1786058181153820944","Thu May 02 18:19:22 +0000 2024","0","@ruangtaktik Egoisnya doang yg konsisten","1786098171929846000","","ruangtaktik","in","https://mycollection.shop/txtd","0","0","0","https://twitter.com/shintaeyong7777/status/1786098171929846000","1095029456350007296","shintaeyong7777"
"1786097757717225496","Thu May 02 18:17:44 +0000 2024","0","apakah shin tae yong akan ngomong shibal saekkiya part 2?","1786097757717225496","","","in","knowhere","0","0","0","https://twitter.com/chocolaisra/status/1786097757717225496","1687515667954814977","chocolaisra"
"1786097732211597374","Thu May 02 18:17:38 +0000 2024","0","Wkwk kasian shin tae yong anjir","1786097732211597374","","","in","Semarang, Jawa Tengah","0","0","0","https://twitter.com/baguswisnu30/status/1786097732211597374","721680667","baguswisnu30"
"1786097593166225732","Thu May 02 18:17:04 +0000 2024","0","Ya kali ini shin tae yong emg tolol juga ngapain naro nathan dibelakang","1786097593166225732","","","in","Jakarta","0","0","0","https://twitter.com/jeri_17/status/1786097593166225732","1316661084","jeri_17"
"1786097513382174978","Thu May 02 18:16:45 +0000 2024","0","Shin tae yong pilih group Olympiade Paris ini mah #TimnasDay ","1786097513382174978","","","in","","0","0","0","https://twitter.com/gravityy24/status/1786097513382174978","1527110913815629825","gravityy24"
"1786097289880367188","Thu May 02 18:15:52 +0000 2024","2","terimakasih buat shin tae yong dan seluruh staffüáÆüá©üáÆüá© #TimnasDay #IndonesiaU23","1786097289880367188","","","in","","0","0","0","https://twitter.com/Dam_Chim48/status/1786097289880367188","1760164220170317824","Dam_Chim48"
"1786096432459694541","Thu May 02 18:12:28 +0000 2024","3","3 menit sebelum diomelin shin tae yong #TimnasDay","1786096432459694541","","","in","","0","0","2","https://twitter.com/nappeuneomma/status/1786096432459694541","1709342304514002944","nappeuneomma"
"1786096147704209409","Thu May 02 18:11:20 +0000 2024","1","Marselino Ferdinand ini pemain kesayangannya Coach Shin Tae Yong ya ? Mainmu sangat egois lino !!! @marcengggg Indonesia vs Irak #TimnasDay #TimnasIndonesia #TimnasU23 #AFCU23 #AFCU23AsianCup #Timnas #TimnasIndonesiaU23 #AsianCupU23 #Marselino #MarselinoFerdinan https://t.co/PoAbTnUEBo","1786096147704209409","https://pbs.twimg.com/media/GMl8-v8aYAEl0MP.jpg","","in","Bandung, Indonesia","0","0","0","https://twitter.com/fiqryfauzian17_/status/1786096147704209409","1526069346715324417","fiqryfauzian17_"
"1786095932217647296","Thu May 02 18:10:28 +0000 2024","0","Lu oper siapa pajarrrr","1786095932217647296","","","in","https://mycollection.shop/txtd","0","1","0","https://twitter.com/shintaeyong7777/status/1786095932217647296","1095029456350007296","shintaeyong7777"
"1786095813149745487","Thu May 02 18:10:00 +0000 2024","1","plis coach shin tae yong jangan-jangan solusi kebuntuan timnas kali ini adalah HOKKY CARAKA","1786095813149745487","","","in","Surabaya","0","0","0","https://twitter.com/antartlka/status/1786095813149745487","488937011","antartlka"
"1786094452916036089","Thu May 02 18:05:49 +0000 2024","0","@idextratime Shin tae yong ngapa gamau ganti pemain lagi si astagaaaa","1786094762103325110","","idextratime","in","Bekasi Timur, Indonesia","0","0","0","https://twitter.com/bukanketuart/status/1786094762103325110","1520262513627394049","bukanketuart"
"1786094644289499287","Thu May 02 18:05:21 +0000 2024","0","besok2 langsung targetnya final aja ya coach @.shintaeyong biar kita beneran sampe final dan juara ","1786094644289499287","","","in","
","0","0","0","https://twitter.com/homtawn/status/1786094644289499287","2346162084","homtawn"
"1786094441272688661","Thu May 02 18:04:33 +0000 2024","0","lino abis ini disidang plis @ shin tae yong ","1786094441272688661","","","in","","0","0","0","https://twitter.com/milkmatchaberry/status/1786094441272688661","1334834833","milkmatchaberry"
"1786094370715746725","Thu May 02 18:04:16 +0000 2024","0","Shin Tae Yong terlalu nyaman sama Marselino kenapa gak dipukul aja si bocah itu biar mikir.","1786094370715746725","","","in","Bekasi, Jawa Barat","0","0","0","https://twitter.com/kickedreal/status/1786094370715746725","236767709","kickedreal"
"1786094070508707925","Thu May 02 18:03:05 +0000 2024","5","Marselino emang egois banget dengan segala skandalnya emang terbukti pbelum profesional dan shin tae yong mainin dia 3 match terakhir tidak diganti- ganti padahal buang peluang banyak banget. #TimnasDay #IndonesiaU23","1786094070508707925","","","in","Situbondo.","0","0","4","https://twitter.com/Embut_kek/status/1786094070508707925","1333182553","Embut_kek"
"1786093876819996857","Thu May 02 18:02:18 +0000 2024","1","gue kalo jadi shin tae yong abis match marselino abis anj gue tatar main sendiri aja lu di lapangan komplek","1786093876819996857","","","in","","0","0","0","https://twitter.com/driedmascara/status/1786093876819996857","1621669857396940800","driedmascara"
"1786078073663938823","Thu May 02 16:59:31 +0000 2024","1","shin tae yong puyeng anak e entuk kartu kuning","1786078073663938823","","","in","terserah gua","0","0","0","https://twitter.com/dewdumpiee/status/1786078073663938823","1645347055827820546","dewdumpiee"
"1786078018395574430","Thu May 02 16:59:17 +0000 2024","0","shin tae yong udah mumet kayanyaa","1786078018395574430","","","in","","0","0","0","https://twitter.com/238mkl/status/1786078018395574430","1738050402116063232","238mkl"
"1786074663690592750","Thu May 02 16:45:58 +0000 2024","1","Dali Tahir lagi cari panggung dengan unjuk gigi. TIMNAS DAY Kelly Justin Hubner Nathan Komang Marselino Jenner Rio Fahmi Irak Shin Tae Yong #IndonesiaU23 #TimnasDay https://t.co/vLYbJLyUlw","1786074663690592750","https://pbs.twimg.com/media/GMlpcMbbIAAiFsQ.jpg","","in","Jakarta, Indonesia","0","2","0","https://twitter.com/Ajuansyah_putra/status/1786074663690592750","856739238632538112","Ajuansyah_putra"
"1786030572923654437","Thu May 02 16:37:00 +0000 2024","0","@thejurgenholic @bliblidotcom Blm gen w","1786072406626603080","","thejurgenholic","in","England","0","0","0","https://twitter.com/Airoxdinamis/status/1786072406626603080","1455649651437174785","Airoxdinamis"
"1786070683023507472","Thu May 02 16:30:09 +0000 2024","0","lucuu bgt tadi ada org korea tiba tiba ikut nobar terus teriak shin tae yong ","1786070683023507472","","","in","asahi's heart","0","0","0","https://twitter.com/hyunsukkiesf/status/1786070683023507472","1524445087820021760","hyunsukkiesf"
"1786070571501158894","Thu May 02 16:29:42 +0000 2024","0","babeh shin tae yong mohon tenangkan cowo2 itu mereka lagi membara kayany","1786070571501158894","","","in","","0","0","0","https://twitter.com/onlyyoursdamn/status/1786070571501158894","1512454871894851587","onlyyoursdamn"
"1786070163147927780","Thu May 02 16:28:05 +0000 2024","2","shin tae yong ngedumel ga ya grgr sundulan sepele itu","1786070163147927780","","","in","she","0","0","0","https://twitter.com/taalovie/status/1786070163147927780","1171613824778006528","taalovie"
"1786068311513711056","Thu May 02 16:26:48 +0000 2024","0","@idextratime Witan sama Kelly perlu dikeplak sama Shin Tae Yong. Witan passing sama kontrol-nya lagi mabok. Kelly butuh visi jgn offside mulu. Semoga bisa bombardir shot kayak 25 menit awal lagi.","1786069843743310296","","idextratime","in","Indonesia","0","0","0","https://twitter.com/steveyudea/status/1786069843743310296","59821122","steveyudea"
"1786069539446485120","Thu May 02 16:25:36 +0000 2024","5","Shin Tae Yong coba itu witan kasih vitamin BUYUNG UPI dulu biar semangat mainnya ","1786069539446485120","","","in","","0","1","0","https://twitter.com/bacottetangga_/status/1786069539446485120","2328193494","bacottetangga_"
"1786069281178108133","Thu May 02 16:24:34 +0000 2024","15","Kalo lo jadi Shin Tae Yong siapa yang bakal lo ganti dan siapa yang bakal lo masukkin di babak kedua? #TimnasDay #TimnasIndonesia","1786069281178108133","","","in","Jakarta Capital Region","1","42","4","https://twitter.com/my_supersoccer/status/1786069281178108133","27846404","my_supersoccer"
"1786068339112153323","Thu May 02 16:22:03 +0000 2024","1","@idextratime Shin tae yong marahin dulu pls anak anak timnas biar sadar","1786068645602582917","","idextratime","in","Purwokerto Timur, Indonesia","0","0","0","https://twitter.com/chacagebie/status/1786068645602582917","1605855080695336961","chacagebie"
"1786067529007526232","Thu May 02 16:17:37 +0000 2024","2","Kaget scroll youtube tiba2 ada video ini di homepage.. Pas diklik.. Loh ahjussi Shin Tae Yong ternyata pernah nongol di drakor Shoot For Love ada yang udah pernah nonton drakornya? #TimNasDay #AFCU23 https://t.co/KgHDWyEQkr","1786067529007526232","https://pbs.twimg.com/ext_tw_video_thumb/1786067495998324736/pu/img/3Vf5NQskjvpIJI2G.jpg","","in","Indonesia","0","0","0","https://twitter.com/addictparksihoo/status/1786067529007526232","1651873436","addictparksihoo"
"1786063719983698244","Thu May 02 16:02:28 +0000 2024","0","Nah itu alesan shin tae yong pengen Marten Paes","1786063719983698244","","","in","Jakarta Capital Region, Indone","0","0","0","https://twitter.com/bedbunny11/status/1786063719983698244","1025798204216889344","bedbunny11"
"1786049646168842444","Thu May 02 15:53:14 +0000 2024","0","@AmyMirong sejauh ini indonesia di unggulkan dengan fans kpop mendukung shin tae yong tapi itu semua bakal menjadi fana kalau arhan mencetak gol ke gawang teman kembali:(","1786061392405266468","","AmyMirong","in","","0","1","0","https://twitter.com/Chijeeeeeee/status/1786061392405266468","1394438296206417922","Chijeeeeeee"
"1786059334205784214","Thu May 02 15:45:03 +0000 2024","0","Hebohnya Penonton WNI di Qatar Bikin Timnas Serasa Main di Indonesia Kunjungi website kami di https://t.co/KhHN3uw6tj #timnasday #timnasindonesia #indonesiavsirak #afc #asiacup #suporterindonesia #arhan #pssi #shintaeyong https://t.co/jWtzGbvM6r","1786059334205784214","https://pbs.twimg.com/ext_tw_video_thumb/1786058389371637760/pu/img/fl0XKHYcJdtvTyD3.jpg","","in","Central Java, Indonesia","0","0","0","https://twitter.com/Pandugaid/status/1786059334205784214","1714317154039083009","Pandugaid"
